model,regime,case,params,mean_rmse,fold0_rmse,fold1_rmse,fold2_rmse
RandomForest,charging,case1_baseline,"{""max_depth"": null, ""max_features"": ""sqrt"", ""min_samples_leaf"": 1, ""n_estimators"": 300}",5.073979806154989,7.7636612042392645,3.147401413681107,4.310876800544594
RandomForest,charging,case1_baseline,"{""max_depth"": null, ""max_features"": 1.0, ""min_samples_leaf"": 1, ""n_estimators"": 300}",4.169997157671246,7.418310240844678,1.2306417387695923,3.8610394933994674
RandomForest,charging,case1_baseline,"{""max_depth"": null, ""max_features"": ""sqrt"", ""min_samples_leaf"": 2, ""n_estimators"": 300}",5.010294968958595,7.765191756916706,3.0040556570888097,4.261637492870269
RandomForest,charging,case1_baseline,"{""max_depth"": null, ""max_features"": 1.0, ""min_samples_leaf"": 2, ""n_estimators"": 300}",4.18584973008909,7.3830778201401595,1.262440730333014,3.912030639794095
RandomForest,charging,case1_baseline,"{""max_depth"": null, ""max_features"": ""sqrt"", ""min_samples_leaf"": 5, ""n_estimators"": 300}",4.936064555626092,7.776223973849787,2.9015300895819416,4.130439603446544
RandomForest,charging,case1_baseline,"{""max_depth"": null, ""max_features"": 1.0, ""min_samples_leaf"": 5, ""n_estimators"": 300}",4.135757410140511,7.354373104189608,1.3946168683896587,3.6582822578422665
RandomForest,charging,case1_baseline,"{""max_depth"": 6, ""max_features"": ""sqrt"", ""min_samples_leaf"": 1, ""n_estimators"": 300}",5.101076681058606,7.830763065587773,3.1793281607494976,4.293138816838548
RandomForest,charging,case1_baseline,"{""max_depth"": 6, ""max_features"": 1.0, ""min_samples_leaf"": 1, ""n_estimators"": 300}",4.13328258140638,7.403215677301613,1.2300186222287077,3.7666134446888195
RandomForest,charging,case1_baseline,"{""max_depth"": 6, ""max_features"": ""sqrt"", ""min_samples_leaf"": 2, ""n_estimators"": 300}",4.975078683987339,7.721121063257505,2.964690242279229,4.239424746425281
RandomForest,charging,case1_baseline,"{""max_depth"": 6, ""max_features"": 1.0, ""min_samples_leaf"": 2, ""n_estimators"": 300}",4.1730541541826405,7.383223043392896,1.2538911716109027,3.8820482475441223
RandomForest,charging,case1_baseline,"{""max_depth"": 6, ""max_features"": ""sqrt"", ""min_samples_leaf"": 5, ""n_estimators"": 300}",4.937633835148408,7.779163463558697,2.9042728109510088,4.1294652309355175
RandomForest,charging,case1_baseline,"{""max_depth"": 6, ""max_features"": 1.0, ""min_samples_leaf"": 5, ""n_estimators"": 300}",4.136204201102346,7.354373104189609,1.3948678662196843,3.659371632897744
RandomForest,charging,case1_baseline,"{""max_depth"": 12, ""max_features"": ""sqrt"", ""min_samples_leaf"": 1, ""n_estimators"": 300}",5.077618024491244,7.763498655487819,3.153980062763019,4.315375355222894
RandomForest,charging,case1_baseline,"{""max_depth"": 12, ""max_features"": 1.0, ""min_samples_leaf"": 1, ""n_estimators"": 300}",4.170750985895213,7.418310240844679,1.2329032234414938,3.8610394933994665
RandomForest,charging,case1_baseline,"{""max_depth"": 12, ""max_features"": ""sqrt"", ""min_samples_leaf"": 2, ""n_estimators"": 300}",5.010294968958597,7.7651917569167095,3.0040556570888155,4.261637492870267
RandomForest,charging,case1_baseline,"{""max_depth"": 12, ""max_features"": 1.0, ""min_samples_leaf"": 2, ""n_estimators"": 300}",4.18584973008909,7.383077820140162,1.262440730333012,3.9120306397940974
RandomForest,charging,case1_baseline,"{""max_depth"": 12, ""max_features"": ""sqrt"", ""min_samples_leaf"": 5, ""n_estimators"": 300}",4.936064555626094,7.776223973849791,2.9015300895819456,4.130439603446545
RandomForest,charging,case1_baseline,"{""max_depth"": 12, ""max_features"": 1.0, ""min_samples_leaf"": 5, ""n_estimators"": 300}",4.13575741014051,7.354373104189604,1.3946168683896603,3.6582822578422656
RandomForest,charging,case1_baseline,"{""max_depth"": null, ""max_features"": ""sqrt"", ""min_samples_leaf"": 1, ""n_estimators"": 600}",5.134262130580833,7.786904968362399,3.2966015904512327,4.319279832928867
RandomForest,charging,case1_baseline,"{""max_depth"": null, ""max_features"": 1.0, ""min_samples_leaf"": 1, ""n_estimators"": 600}",4.154870092909397,7.442690806037329,1.1944416190416467,3.827477853649217
RandomForest,charging,case1_baseline,"{""max_depth"": null, ""max_features"": ""sqrt"", ""min_samples_leaf"": 2, ""n_estimators"": 600}",5.031555722031914,7.737021786280738,3.0855676672772763,4.27207771253773
RandomForest,charging,case1_baseline,"{""max_depth"": null, ""max_features"": 1.0, ""min_samples_leaf"": 2, ""n_estimators"": 600}",4.177560944709212,7.405988893824396,1.261864166969149,3.8648297733340904
RandomForest,charging,case1_baseline,"{""max_depth"": null, ""max_features"": ""sqrt"", ""min_samples_leaf"": 5, ""n_estimators"": 600}",4.978332368062913,7.768953831989227,3.0000676209592227,4.165975651240289
RandomForest,charging,case1_baseline,"{""max_depth"": null, ""max_features"": 1.0, ""min_samples_leaf"": 5, ""n_estimators"": 600}",4.121248413743352,7.3708987499846215,1.3718902401393474,3.620956251106087
RandomForest,charging,case1_baseline,"{""max_depth"": 6, ""max_features"": ""sqrt"", ""min_samples_leaf"": 1, ""n_estimators"": 600}",5.105226331665588,7.803404081821065,3.2297144956651147,4.282560417510587
RandomForest,charging,case1_baseline,"{""max_depth"": 6, ""max_features"": 1.0, ""min_samples_leaf"": 1, ""n_estimators"": 600}",4.1394745042232834,7.425306798939473,1.2408745171254638,3.7522421966049153
RandomForest,charging,case1_baseline,"{""max_depth"": 6, ""max_features"": ""sqrt"", ""min_samples_leaf"": 2, ""n_estimators"": 600}",5.015203167963407,7.764542356786572,3.0266789728041803,4.25438817429947
RandomForest,charging,case1_baseline,"{""max_depth"": 6, ""max_features"": 1.0, ""min_samples_leaf"": 2, ""n_estimators"": 600}",4.1701956085831675,7.408788154622674,1.2491868772144064,3.852611793912421
RandomForest,charging,case1_baseline,"{""max_depth"": 6, ""max_features"": ""sqrt"", ""min_samples_leaf"": 5, ""n_estimators"": 600}",4.982680312217522,7.768040170055342,3.012600332086722,4.167400434510502
RandomForest,charging,case1_baseline,"{""max_depth"": 6, ""max_features"": 1.0, ""min_samples_leaf"": 5, ""n_estimators"": 600}",4.121459941058972,7.370883815037569,1.3720089546387244,3.6214870535006214
RandomForest,charging,case1_baseline,"{""max_depth"": 12, ""max_features"": ""sqrt"", ""min_samples_leaf"": 1, ""n_estimators"": 600}",5.119585387421715,7.7867065359936785,3.250631048495178,4.321418577776288
RandomForest,charging,case1_baseline,"{""max_depth"": 12, ""max_features"": 1.0, ""min_samples_leaf"": 1, ""n_estimators"": 600}",4.155485690265664,7.44298339677575,1.1959958203720245,3.8274778536492176
RandomForest,charging,case1_baseline,"{""max_depth"": 12, ""max_features"": ""sqrt"", ""min_samples_leaf"": 2, ""n_estimators"": 600}",5.031555722031913,7.737021786280739,3.0855676672772723,4.27207771253773
RandomForest,charging,case1_baseline,"{""max_depth"": 12, ""max_features"": 1.0, ""min_samples_leaf"": 2, ""n_estimators"": 600}",4.177560944709212,7.4059888938243965,1.261864166969148,3.8648297733340917
RandomForest,charging,case1_baseline,"{""max_depth"": 12, ""max_features"": ""sqrt"", ""min_samples_leaf"": 5, ""n_estimators"": 600}",4.978332368062912,7.768953831989225,3.000067620959221,4.165975651240289
RandomForest,charging,case1_baseline,"{""max_depth"": 12, ""max_features"": 1.0, ""min_samples_leaf"": 5, ""n_estimators"": 600}",4.121248413743349,7.370898749984623,1.3718902401393436,3.6209562511060827
RandomForest,charging,case2_solar,"{""max_depth"": null, ""max_features"": ""sqrt"", ""min_samples_leaf"": 1, ""n_estimators"": 300}",5.193733117963119,7.984286594855866,3.2336390717459897,4.363273687287501
RandomForest,charging,case2_solar,"{""max_depth"": null, ""max_features"": 1.0, ""min_samples_leaf"": 1, ""n_estimators"": 300}",4.13831886385187,7.450310902546349,1.2010298997241078,3.763615789285152
RandomForest,charging,case2_solar,"{""max_depth"": null, ""max_features"": ""sqrt"", ""min_samples_leaf"": 2, ""n_estimators"": 300}",5.331362357762898,7.969455076128081,3.7588686358229473,4.265763361337667
RandomForest,charging,case2_solar,"{""max_depth"": null, ""max_features"": 1.0, ""min_samples_leaf"": 2, ""n_estimators"": 300}",4.168719926292122,7.416137086603165,1.1845099998535156,3.905512692419688
RandomForest,charging,case2_solar,"{""max_depth"": null, ""max_features"": ""sqrt"", ""min_samples_leaf"": 5, ""n_estimators"": 300}",5.053179648066643,7.947691104270586,3.003417275884511,4.208430564044832
RandomForest,charging,case2_solar,"{""max_depth"": null, ""max_features"": 1.0, ""min_samples_leaf"": 5, ""n_estimators"": 300}",4.143205527034342,7.370622376165602,1.3923957855346891,3.6665984194027375
RandomForest,charging,case2_solar,"{""max_depth"": 6, ""max_features"": ""sqrt"", ""min_samples_leaf"": 1, ""n_estimators"": 300}",5.285998190228314,8.0008288834446,3.5049577327175454,4.3522079545227985
RandomForest,charging,case2_solar,"{""max_depth"": 6, ""max_features"": 1.0, ""min_samples_leaf"": 1, ""n_estimators"": 300}",4.151287906481357,7.413537058604981,1.2509900118609973,3.789336648978091
RandomForest,charging,case2_solar,"{""max_depth"": 6, ""max_features"": ""sqrt"", ""min_samples_leaf"": 2, ""n_estimators"": 300}",5.113634786465524,7.945582610643932,3.1628672253917687,4.232454523360873
RandomForest,charging,case2_solar,"{""max_depth"": 6, ""max_features"": 1.0, ""min_samples_leaf"": 2, ""n_estimators"": 300}",4.18067651288187,7.41856546457957,1.2198753759733003,3.903588698092743
RandomForest,charging,case2_solar,"{""max_depth"": 6, ""max_features"": ""sqrt"", ""min_samples_leaf"": 5, ""n_estimators"": 300}",5.049703088771463,7.947334665829212,2.986944368523368,4.214830231961809
RandomForest,charging,case2_solar,"{""max_depth"": 6, ""max_features"": 1.0, ""min_samples_leaf"": 5, ""n_estimators"": 300}",4.143479860328836,7.370622376165604,1.393194129389538,3.666623075431367
RandomForest,charging,case2_solar,"{""max_depth"": 12, ""max_features"": ""sqrt"", ""min_samples_leaf"": 1, ""n_estimators"": 300}",5.199040689833773,7.987462144062137,3.242276459294848,4.367383466144334
RandomForest,charging,case2_solar,"{""max_depth"": 12, ""max_features"": 1.0, ""min_samples_leaf"": 1, ""n_estimators"": 300}",4.139375747841966,7.45031090254635,1.2042005516943974,3.7636157892851525
RandomForest,charging,case2_solar,"{""max_depth"": 12, ""max_features"": ""sqrt"", ""min_samples_leaf"": 2, ""n_estimators"": 300}",5.330452323949278,7.96945507612808,3.756138534382089,4.265763361337667
RandomForest,charging,case2_solar,"{""max_depth"": 12, ""max_features"": 1.0, ""min_samples_leaf"": 2, ""n_estimators"": 300}",4.168719926292123,7.416137086603165,1.18450999985352,3.905512692419685
RandomForest,charging,case2_solar,"{""max_depth"": 12, ""max_features"": ""sqrt"", ""min_samples_leaf"": 5, ""n_estimators"": 300}",5.053179648066643,7.9476911042705884,3.0034172758845137,4.2084305640448285
RandomForest,charging,case2_solar,"{""max_depth"": 12, ""max_features"": 1.0, ""min_samples_leaf"": 5, ""n_estimators"": 300}",4.143205527034341,7.370622376165599,1.3923957855346865,3.6665984194027366
RandomForest,charging,case2_solar,"{""max_depth"": null, ""max_features"": ""sqrt"", ""min_samples_leaf"": 1, ""n_estimators"": 600}",5.2405781872464345,7.99019501205038,3.3866034860539185,4.344936063635006
RandomForest,charging,case2_solar,"{""max_depth"": null, ""max_features"": 1.0, ""min_samples_leaf"": 1, ""n_estimators"": 600}",4.150816435779702,7.475752984250733,1.220922685284724,3.7557736378036486
RandomForest,charging,case2_solar,"{""max_depth"": null, ""max_features"": ""sqrt"", ""min_samples_leaf"": 2, ""n_estimators"": 600}",5.308046515227693,7.97001172539731,3.6651389876276705,4.288988832658099
RandomForest,charging,case2_solar,"{""max_depth"": null, ""max_features"": 1.0, ""min_samples_leaf"": 2, ""n_estimators"": 600}",4.174868596566669,7.437058828626478,1.2190316735305102,3.868515287543017
RandomForest,charging,case2_solar,"{""max_depth"": null, ""max_features"": ""sqrt"", ""min_samples_leaf"": 5, ""n_estimators"": 600}",5.086873127767377,7.950750555922028,3.1003128198968275,4.209556007483275
RandomForest,charging,case2_solar,"{""max_depth"": null, ""max_features"": 1.0, ""min_samples_leaf"": 5, ""n_estimators"": 600}",4.135995202285161,7.392135980592296,1.3720200762632597,3.6438295499999285
RandomForest,charging,case2_solar,"{""max_depth"": 6, ""max_features"": ""sqrt"", ""min_samples_leaf"": 1, ""n_estimators"": 600}",5.229713881770441,7.989642746691382,3.3532505348802726,4.34624836373967
RandomForest,charging,case2_solar,"{""max_depth"": 6, ""max_features"": 1.0, ""min_samples_leaf"": 1, ""n_estimators"": 600}",4.162650980711136,7.449597107826928,1.2529313373987419,3.785424496907739
RandomForest,charging,case2_solar,"{""max_depth"": 6, ""max_features"": ""sqrt"", ""min_samples_leaf"": 2, ""n_estimators"": 600}",5.185833281882033,7.974857783758221,3.3251936166507363,4.257448445237142
RandomForest,charging,case2_solar,"{""max_depth"": 6, ""max_features"": 1.0, ""min_samples_leaf"": 2, ""n_estimators"": 600}",4.17324111932862,7.430230385317041,1.221140584614825,3.8683523880539923
RandomForest,charging,case2_solar,"{""max_depth"": 6, ""max_features"": ""sqrt"", ""min_samples_leaf"": 5, ""n_estimators"": 600}",5.107714558137558,7.962157035450781,3.149987967879971,4.210998671081922
RandomForest,charging,case2_solar,"{""max_depth"": 6, ""max_features"": 1.0, ""min_samples_leaf"": 5, ""n_estimators"": 600}",4.136607635114932,7.392065057854676,1.3724116205213233,3.6453462269687984
RandomForest,charging,case2_solar,"{""max_depth"": 12, ""max_features"": ""sqrt"", ""min_samples_leaf"": 1, ""n_estimators"": 600}",5.246988842513434,7.991643360676899,3.4023843296601473,4.346938837203255
RandomForest,charging,case2_solar,"{""max_depth"": 12, ""max_features"": 1.0, ""min_samples_leaf"": 1, ""n_estimators"": 600}",4.151090664931762,7.475407291650162,1.222091065341476,3.7557736378036477
RandomForest,charging,case2_solar,"{""max_depth"": 12, ""max_features"": ""sqrt"", ""min_samples_leaf"": 2, ""n_estimators"": 600}",5.307616014484281,7.970011725397307,3.6638474853974348,4.2889888326581
RandomForest,charging,case2_solar,"{""max_depth"": 12, ""max_features"": 1.0, ""min_samples_leaf"": 2, ""n_estimators"": 600}",4.174868596566667,7.43705882862648,1.2190316735305058,3.8685152875430173
RandomForest,charging,case2_solar,"{""max_depth"": 12, ""max_features"": ""sqrt"", ""min_samples_leaf"": 5, ""n_estimators"": 600}",5.086873127767377,7.950750555922027,3.10031281989683,4.209556007483275
RandomForest,charging,case2_solar,"{""max_depth"": 12, ""max_features"": 1.0, ""min_samples_leaf"": 5, ""n_estimators"": 600}",4.13599520228516,7.392135980592294,1.3720200762632615,3.6438295499999236
RandomForest,charging,case3_lags,"{""max_depth"": null, ""max_features"": ""sqrt"", ""min_samples_leaf"": 1, ""n_estimators"": 300}",3.229195154145603,5.728547733191678,1.022012159643941,2.9370255696011904
RandomForest,charging,case3_lags,"{""max_depth"": null, ""max_features"": 1.0, ""min_samples_leaf"": 1, ""n_estimators"": 300}",2.903210284673594,4.73837310336222,0.2827248035705015,3.6885329470880595
RandomForest,charging,case3_lags,"{""max_depth"": null, ""max_features"": ""sqrt"", ""min_samples_leaf"": 2, ""n_estimators"": 300}",3.1601163231512923,5.635785743543771,0.9870036854327601,2.8575595404773457
RandomForest,charging,case3_lags,"{""max_depth"": null, ""max_features"": 1.0, ""min_samples_leaf"": 2, ""n_estimators"": 300}",2.910178777477588,4.754959953484848,0.27984045806314123,3.6957359208847733
RandomForest,charging,case3_lags,"{""max_depth"": null, ""max_features"": ""sqrt"", ""min_samples_leaf"": 5, ""n_estimators"": 300}",3.2974674536512008,5.810747899219815,1.15646125515621,2.925193206577577
RandomForest,charging,case3_lags,"{""max_depth"": null, ""max_features"": 1.0, ""min_samples_leaf"": 5, ""n_estimators"": 300}",2.9136778549660476,4.681647265681145,0.2851987215229469,3.7741875776940494
RandomForest,charging,case3_lags,"{""max_depth"": 6, ""max_features"": ""sqrt"", ""min_samples_leaf"": 1, ""n_estimators"": 300}",3.293107795025717,5.751680004952342,1.199874374411784,2.927769005713024
RandomForest,charging,case3_lags,"{""max_depth"": 6, ""max_features"": 1.0, ""min_samples_leaf"": 1, ""n_estimators"": 300}",2.960427784034328,4.7915143630524994,0.28339991988876106,3.8063690691617227
RandomForest,charging,case3_lags,"{""max_depth"": 6, ""max_features"": ""sqrt"", ""min_samples_leaf"": 2, ""n_estimators"": 300}",3.223160796716026,5.805755606585222,0.9482571972662686,2.9154695862965876
RandomForest,charging,case3_lags,"{""max_depth"": 6, ""max_features"": 1.0, ""min_samples_leaf"": 2, ""n_estimators"": 300}",2.9097749120004575,4.706655143575342,0.2778906532233884,3.7447789392026407
RandomForest,charging,case3_lags,"{""max_depth"": 6, ""max_features"": ""sqrt"", ""min_samples_leaf"": 5, ""n_estimators"": 300}",3.2948425821635055,5.808495849199273,1.1452623861871298,2.9307695111041117
RandomForest,charging,case3_lags,"{""max_depth"": 6, ""max_features"": 1.0, ""min_samples_leaf"": 5, ""n_estimators"": 300}",2.9136781184971396,4.681648056274423,0.2851987215229493,3.7741875776940463
RandomForest,charging,case3_lags,"{""max_depth"": 12, ""max_features"": ""sqrt"", ""min_samples_leaf"": 1, ""n_estimators"": 300}",3.2357290604931586,5.727345037211743,1.0422728803835764,2.937569263884158
RandomForest,charging,case3_lags,"{""max_depth"": 12, ""max_features"": 1.0, ""min_samples_leaf"": 1, ""n_estimators"": 300}",2.903210284673595,4.738373103362222,0.2827248035704996,3.688532947088063
RandomForest,charging,case3_lags,"{""max_depth"": 12, ""max_features"": ""sqrt"", ""min_samples_leaf"": 2, ""n_estimators"": 300}",3.160116323151287,5.635785743543762,0.987003685432758,2.8575595404773395
RandomForest,charging,case3_lags,"{""max_depth"": 12, ""max_features"": 1.0, ""min_samples_leaf"": 2, ""n_estimators"": 300}",2.9101787774775865,4.754959953484848,0.27984045806314106,3.6957359208847707
RandomForest,charging,case3_lags,"{""max_depth"": 12, ""max_features"": ""sqrt"", ""min_samples_leaf"": 5, ""n_estimators"": 300}",3.2974674536511994,5.810747899219819,1.1564612551562048,2.9251932065775748
RandomForest,charging,case3_lags,"{""max_depth"": 12, ""max_features"": 1.0, ""min_samples_leaf"": 5, ""n_estimators"": 300}",2.9136778549660467,4.681647265681144,0.285198721522952,3.7741875776940454
RandomForest,charging,case3_lags,"{""max_depth"": null, ""max_features"": ""sqrt"", ""min_samples_leaf"": 1, ""n_estimators"": 600}",3.2200069997907073,5.721042741603356,1.0187321719975724,2.9202460857711925
RandomForest,charging,case3_lags,"{""max_depth"": null, ""max_features"": 1.0, ""min_samples_leaf"": 1, ""n_estimators"": 600}",2.933878748145022,4.778025203478009,0.2754956452428075,3.7481153957142483
RandomForest,charging,case3_lags,"{""max_depth"": null, ""max_features"": ""sqrt"", ""min_samples_leaf"": 2, ""n_estimators"": 600}",3.1844552772401706,5.685455491824052,0.9920428858186443,2.875867454077816
RandomForest,charging,case3_lags,"{""max_depth"": null, ""max_features"": 1.0, ""min_samples_leaf"": 2, ""n_estimators"": 600}",2.9099916231707774,4.736188232648762,0.2745064368180728,3.7192802000454988
RandomForest,charging,case3_lags,"{""max_depth"": null, ""max_features"": ""sqrt"", ""min_samples_leaf"": 5, ""n_estimators"": 600}",3.2520457061408403,5.728393177326677,1.060373845024597,2.9673700960712464
RandomForest,charging,case3_lags,"{""max_depth"": null, ""max_features"": 1.0, ""min_samples_leaf"": 5, ""n_estimators"": 600}",2.9246947198724036,4.678811293912661,0.27430113756898955,3.8209717281355604
RandomForest,charging,case3_lags,"{""max_depth"": 6, ""max_features"": ""sqrt"", ""min_samples_leaf"": 1, ""n_estimators"": 600}",3.2442167637564423,5.6872799897196415,1.1223003785805294,2.923069922969156
RandomForest,charging,case3_lags,"{""max_depth"": 6, ""max_features"": 1.0, ""min_samples_leaf"": 1, ""n_estimators"": 600}",2.9463346455577324,4.794414560691615,0.27544515773785433,3.7691442182437287
RandomForest,charging,case3_lags,"{""max_depth"": 6, ""max_features"": ""sqrt"", ""min_samples_leaf"": 2, ""n_estimators"": 600}",3.183470917504282,5.686353417464486,0.9924170660968903,2.87164226895147
RandomForest,charging,case3_lags,"{""max_depth"": 6, ""max_features"": 1.0, ""min_samples_leaf"": 2, ""n_estimators"": 600}",2.9052885316688513,4.709141349701848,0.2745258436446449,3.7321984016600616
RandomForest,charging,case3_lags,"{""max_depth"": 6, ""max_features"": ""sqrt"", ""min_samples_leaf"": 5, ""n_estimators"": 600}",3.252894125441543,5.724758262139258,1.0656540793476847,2.968270034837686
RandomForest,charging,case3_lags,"{""max_depth"": 6, ""max_features"": 1.0, ""min_samples_leaf"": 5, ""n_estimators"": 600}",2.9246948581413243,4.678811708719414,0.2743011375689937,3.820971728135565
RandomForest,charging,case3_lags,"{""max_depth"": 12, ""max_features"": ""sqrt"", ""min_samples_leaf"": 1, ""n_estimators"": 600}",3.2237349140130953,5.719648171504153,1.0310446440789014,2.9205119264562325
RandomForest,charging,case3_lags,"{""max_depth"": 12, ""max_features"": 1.0, ""min_samples_leaf"": 1, ""n_estimators"": 600}",2.9338787481450233,4.778025203478016,0.2754956452428058,3.7481153957142475
RandomForest,charging,case3_lags,"{""max_depth"": 12, ""max_features"": ""sqrt"", ""min_samples_leaf"": 2, ""n_estimators"": 600}",3.1844552772401697,5.685455491824051,0.9920428858186426,2.8758674540778153
RandomForest,charging,case3_lags,"{""max_depth"": 12, ""max_features"": 1.0, ""min_samples_leaf"": 2, ""n_estimators"": 600}",2.909991623170777,4.736188232648766,0.2745064368180702,3.7192802000454948
RandomForest,charging,case3_lags,"{""max_depth"": 12, ""max_features"": ""sqrt"", ""min_samples_leaf"": 5, ""n_estimators"": 600}",3.2520457061408408,5.7283931773266765,1.0603738450245945,2.967370096071252
RandomForest,charging,case3_lags,"{""max_depth"": 12, ""max_features"": 1.0, ""min_samples_leaf"": 5, ""n_estimators"": 600}",2.9246947198724023,4.678811293912653,0.27430113756899255,3.8209717281355604
RandomForest,charging,case4_solar_and_lags,"{""max_depth"": null, ""max_features"": ""sqrt"", ""min_samples_leaf"": 1, ""n_estimators"": 300}",3.4437026848022447,6.15877001126386,1.2464328186941929,2.9259052244486803
RandomForest,charging,case4_solar_and_lags,"{""max_depth"": null, ""max_features"": 1.0, ""min_samples_leaf"": 1, ""n_estimators"": 300}",2.9692017341156607,4.894431356830872,0.2859618779105699,3.7272119676055393
RandomForest,charging,case4_solar_and_lags,"{""max_depth"": null, ""max_features"": ""sqrt"", ""min_samples_leaf"": 2, ""n_estimators"": 300}",3.430466701727145,6.064701031594562,1.288918400145299,2.9377806734415737
RandomForest,charging,case4_solar_and_lags,"{""max_depth"": null, ""max_features"": 1.0, ""min_samples_leaf"": 2, ""n_estimators"": 300}",2.9496963297679204,4.855997967969586,0.2729029166113607,3.7201881047228142
RandomForest,charging,case4_solar_and_lags,"{""max_depth"": null, ""max_features"": ""sqrt"", ""min_samples_leaf"": 5, ""n_estimators"": 300}",3.572777750135471,6.27857695489191,1.3802000065033493,3.0595562890111543
RandomForest,charging,case4_solar_and_lags,"{""max_depth"": null, ""max_features"": 1.0, ""min_samples_leaf"": 5, ""n_estimators"": 300}",2.9364418816958273,4.7221509463893945,0.27351034950747954,3.813664349190607
RandomForest,charging,case4_solar_and_lags,"{""max_depth"": 6, ""max_features"": ""sqrt"", ""min_samples_leaf"": 1, ""n_estimators"": 300}",3.437875572236615,6.158624738937387,1.2139762559144707,2.9410257218579856
RandomForest,charging,case4_solar_and_lags,"{""max_depth"": 6, ""max_features"": 1.0, ""min_samples_leaf"": 1, ""n_estimators"": 300}",2.9428957812013805,4.8945566736580925,0.2659011569293128,3.6682295130167355
RandomForest,charging,case4_solar_and_lags,"{""max_depth"": 6, ""max_features"": ""sqrt"", ""min_samples_leaf"": 2, ""n_estimators"": 300}",3.482348944135509,6.119235390988326,1.3801346115012658,2.947676829916935
RandomForest,charging,case4_solar_and_lags,"{""max_depth"": 6, ""max_features"": 1.0, ""min_samples_leaf"": 2, ""n_estimators"": 300}",2.914524671683097,4.777032359716991,0.2780937625880397,3.6884478927442608
RandomForest,charging,case4_solar_and_lags,"{""max_depth"": 6, ""max_features"": ""sqrt"", ""min_samples_leaf"": 5, ""n_estimators"": 300}",3.57169606796213,6.274666531522001,1.386596464849341,3.053825207515048
RandomForest,charging,case4_solar_and_lags,"{""max_depth"": 6, ""max_features"": 1.0, ""min_samples_leaf"": 5, ""n_estimators"": 300}",2.9364421538159866,4.722151762749873,0.27351034950748115,3.8136643491906055
RandomForest,charging,case4_solar_and_lags,"{""max_depth"": 12, ""max_features"": ""sqrt"", ""min_samples_leaf"": 1, ""n_estimators"": 300}",3.449015217425304,6.158853862390179,1.2622865654370525,2.9259052244486816
RandomForest,charging,case4_solar_and_lags,"{""max_depth"": 12, ""max_features"": 1.0, ""min_samples_leaf"": 1, ""n_estimators"": 300}",2.969201734115657,4.894431356830874,0.2859618779105658,3.7272119676055318
RandomForest,charging,case4_solar_and_lags,"{""max_depth"": 12, ""max_features"": ""sqrt"", ""min_samples_leaf"": 2, ""n_estimators"": 300}",3.4304667017271435,6.064701031594557,1.2889184001452991,2.9377806734415755
RandomForest,charging,case4_solar_and_lags,"{""max_depth"": 12, ""max_features"": 1.0, ""min_samples_leaf"": 2, ""n_estimators"": 300}",2.9496963297679257,4.855997967969592,0.2729029166113638,3.720188104722821
RandomForest,charging,case4_solar_and_lags,"{""max_depth"": 12, ""max_features"": ""sqrt"", ""min_samples_leaf"": 5, ""n_estimators"": 300}",3.5727777501354705,6.27857695489191,1.380200006503348,3.059556289011153
RandomForest,charging,case4_solar_and_lags,"{""max_depth"": 12, ""max_features"": 1.0, ""min_samples_leaf"": 5, ""n_estimators"": 300}",2.9364418816958273,4.722150946389394,0.2735103495074804,3.813664349190607
RandomForest,charging,case4_solar_and_lags,"{""max_depth"": null, ""max_features"": ""sqrt"", ""min_samples_leaf"": 1, ""n_estimators"": 600}",3.3984123456407502,6.12329136376731,1.1722077762980962,2.899737896856844
RandomForest,charging,case4_solar_and_lags,"{""max_depth"": null, ""max_features"": 1.0, ""min_samples_leaf"": 1, ""n_estimators"": 600}",2.9641385974883527,4.888956865546856,0.28073836248191786,3.7227205644362855
RandomForest,charging,case4_solar_and_lags,"{""max_depth"": null, ""max_features"": ""sqrt"", ""min_samples_leaf"": 2, ""n_estimators"": 600}",3.411425963464318,6.0941896482361155,1.2113249632369347,2.9287632789199045
RandomForest,charging,case4_solar_and_lags,"{""max_depth"": null, ""max_features"": 1.0, ""min_samples_leaf"": 2, ""n_estimators"": 600}",2.951523594855908,4.840353835045304,0.27029748668598647,3.7439194628364323
RandomForest,charging,case4_solar_and_lags,"{""max_depth"": null, ""max_features"": ""sqrt"", ""min_samples_leaf"": 5, ""n_estimators"": 600}",3.5222231005070728,6.185332339379241,1.3377163001976786,3.0436206619442987
RandomForest,charging,case4_solar_and_lags,"{""max_depth"": null, ""max_features"": 1.0, ""min_samples_leaf"": 5, ""n_estimators"": 600}",2.9433571325086163,4.742731615238423,0.26467292236789675,3.8226668599195297
RandomForest,charging,case4_solar_and_lags,"{""max_depth"": 6, ""max_features"": ""sqrt"", ""min_samples_leaf"": 1, ""n_estimators"": 600}",3.452735845385158,6.169177784640525,1.308970742450948,2.8800590090640004
RandomForest,charging,case4_solar_and_lags,"{""max_depth"": 6, ""max_features"": 1.0, ""min_samples_leaf"": 1, ""n_estimators"": 600}",2.952932363354563,4.86006733396267,0.2649810808857432,3.733748675215277
RandomForest,charging,case4_solar_and_lags,"{""max_depth"": 6, ""max_features"": ""sqrt"", ""min_samples_leaf"": 2, ""n_estimators"": 600}",3.4616693695991816,6.163872594500459,1.2820285569406051,2.9391069573564805
RandomForest,charging,case4_solar_and_lags,"{""max_depth"": 6, ""max_features"": 1.0, ""min_samples_leaf"": 2, ""n_estimators"": 600}",2.9255017711805724,4.794295195651692,0.2709314525981262,3.7112786652918994
RandomForest,charging,case4_solar_and_lags,"{""max_depth"": 6, ""max_features"": ""sqrt"", ""min_samples_leaf"": 5, ""n_estimators"": 600}",3.5238661035929835,6.179633030322392,1.3447160819288904,3.047249198527669
RandomForest,charging,case4_solar_and_lags,"{""max_depth"": 6, ""max_features"": 1.0, ""min_samples_leaf"": 5, ""n_estimators"": 600}",2.9433572715660805,4.7427320324108075,0.2646729223678978,3.8226668599195364
RandomForest,charging,case4_solar_and_lags,"{""max_depth"": 12, ""max_features"": ""sqrt"", ""min_samples_leaf"": 1, ""n_estimators"": 600}",3.4026980863198446,6.126226620237319,1.1821242982825964,2.899743340439618
RandomForest,charging,case4_solar_and_lags,"{""max_depth"": 12, ""max_features"": 1.0, ""min_samples_leaf"": 1, ""n_estimators"": 600}",2.964138597488352,4.888956865546851,0.2807383624819173,3.7227205644362873
RandomForest,charging,case4_solar_and_lags,"{""max_depth"": 12, ""max_features"": ""sqrt"", ""min_samples_leaf"": 2, ""n_estimators"": 600}",3.411425963464318,6.094189648236119,1.2113249632369314,2.928763278919904
RandomForest,charging,case4_solar_and_lags,"{""max_depth"": 12, ""max_features"": 1.0, ""min_samples_leaf"": 2, ""n_estimators"": 600}",2.951523594855908,4.840353835045305,0.2702974866859861,3.7439194628364314
RandomForest,charging,case4_solar_and_lags,"{""max_depth"": 12, ""max_features"": ""sqrt"", ""min_samples_leaf"": 5, ""n_estimators"": 600}",3.522223100507072,6.185332339379238,1.3377163001976766,3.0436206619443005
RandomForest,charging,case4_solar_and_lags,"{""max_depth"": 12, ""max_features"": 1.0, ""min_samples_leaf"": 5, ""n_estimators"": 600}",2.9433571325086194,4.742731615238419,0.26467292236789997,3.8226668599195377
RandomForest,discharging,case1_baseline,"{""max_depth"": null, ""max_features"": ""sqrt"", ""min_samples_leaf"": 1, ""n_estimators"": 300}",2.7088539108939926,2.973108640658816,2.7041742941666036,2.449278797856558
RandomForest,discharging,case1_baseline,"{""max_depth"": null, ""max_features"": 1.0, ""min_samples_leaf"": 1, ""n_estimators"": 300}",2.7934576943850957,2.98036338065663,2.651125852827759,2.7488838496708987
RandomForest,discharging,case1_baseline,"{""max_depth"": null, ""max_features"": ""sqrt"", ""min_samples_leaf"": 2, ""n_estimators"": 300}",2.7210128238794815,2.9526717649907908,2.7664658466509104,2.4439008599967442
RandomForest,discharging,case1_baseline,"{""max_depth"": null, ""max_features"": 1.0, ""min_samples_leaf"": 2, ""n_estimators"": 300}",2.8164566773190938,3.0312881770975153,2.6869921755240282,2.7310896793357373
RandomForest,discharging,case1_baseline,"{""max_depth"": null, ""max_features"": ""sqrt"", ""min_samples_leaf"": 5, ""n_estimators"": 300}",2.7857843687782107,3.1337283204250843,2.820636588172852,2.4029881977366947
RandomForest,discharging,case1_baseline,"{""max_depth"": null, ""max_features"": 1.0, ""min_samples_leaf"": 5, ""n_estimators"": 300}",2.832568930666684,3.0436673294760466,2.7894183028138397,2.6646211597101654
RandomForest,discharging,case1_baseline,"{""max_depth"": 6, ""max_features"": ""sqrt"", ""min_samples_leaf"": 1, ""n_estimators"": 300}",2.7317223119893925,2.930090256125186,2.813631936939531,2.4514447429034614
RandomForest,discharging,case1_baseline,"{""max_depth"": 6, ""max_features"": 1.0, ""min_samples_leaf"": 1, ""n_estimators"": 300}",2.8094133852216205,2.977564949863288,2.7318433598610348,2.718831845940539
RandomForest,discharging,case1_baseline,"{""max_depth"": 6, ""max_features"": ""sqrt"", ""min_samples_leaf"": 2, ""n_estimators"": 300}",2.7720429081131317,3.0460436689776573,2.8253513357274667,2.4447337196342707
RandomForest,discharging,case1_baseline,"{""max_depth"": 6, ""max_features"": 1.0, ""min_samples_leaf"": 2, ""n_estimators"": 300}",2.827843757717799,3.0267156392877923,2.738737639056659,2.7180779948089455
RandomForest,discharging,case1_baseline,"{""max_depth"": 6, ""max_features"": ""sqrt"", ""min_samples_leaf"": 5, ""n_estimators"": 300}",2.806092554534312,3.1881444776133647,2.8353928297379287,2.394740356251641
RandomForest,discharging,case1_baseline,"{""max_depth"": 6, ""max_features"": 1.0, ""min_samples_leaf"": 5, ""n_estimators"": 300}",2.838030650853149,3.0417626234151234,2.8073098917467294,2.6650194373975946
RandomForest,discharging,case1_baseline,"{""max_depth"": 12, ""max_features"": ""sqrt"", ""min_samples_leaf"": 1, ""n_estimators"": 300}",2.7069041290402454,2.9632641382276312,2.7071022753525713,2.4503459735405344
RandomForest,discharging,case1_baseline,"{""max_depth"": 12, ""max_features"": 1.0, ""min_samples_leaf"": 1, ""n_estimators"": 300}",2.7937913251963393,2.9802534756515255,2.6522366502665924,2.7488838496708996
RandomForest,discharging,case1_baseline,"{""max_depth"": 12, ""max_features"": ""sqrt"", ""min_samples_leaf"": 2, ""n_estimators"": 300}",2.722365514975262,2.958786537816029,2.764409147113014,2.4439008599967424
RandomForest,discharging,case1_baseline,"{""max_depth"": 12, ""max_features"": 1.0, ""min_samples_leaf"": 2, ""n_estimators"": 300}",2.8165305716920224,3.0312881770975117,2.6872138586428154,2.7310896793357413
RandomForest,discharging,case1_baseline,"{""max_depth"": 12, ""max_features"": ""sqrt"", ""min_samples_leaf"": 5, ""n_estimators"": 300}",2.785784368778213,3.133728320425091,2.8206365881728517,2.402988197736696
RandomForest,discharging,case1_baseline,"{""max_depth"": 12, ""max_features"": 1.0, ""min_samples_leaf"": 5, ""n_estimators"": 300}",2.832568930666683,3.0436673294760435,2.789418302813839,2.6646211597101663
RandomForest,discharging,case1_baseline,"{""max_depth"": null, ""max_features"": ""sqrt"", ""min_samples_leaf"": 1, ""n_estimators"": 600}",2.7312523184501045,2.99333302330603,2.721388375870655,2.479035556173627
RandomForest,discharging,case1_baseline,"{""max_depth"": null, ""max_features"": 1.0, ""min_samples_leaf"": 1, ""n_estimators"": 600}",2.7935096590036554,2.983187574163223,2.651708956773589,2.7456324460741546
RandomForest,discharging,case1_baseline,"{""max_depth"": null, ""max_features"": ""sqrt"", ""min_samples_leaf"": 2, ""n_estimators"": 600}",2.732594399716403,2.978634905392035,2.754283353356445,2.464864940400729
RandomForest,discharging,case1_baseline,"{""max_depth"": null, ""max_features"": 1.0, ""min_samples_leaf"": 2, ""n_estimators"": 600}",2.815849318977351,3.021037538862827,2.6860006044880835,2.7405098135811414
RandomForest,discharging,case1_baseline,"{""max_depth"": null, ""max_features"": ""sqrt"", ""min_samples_leaf"": 5, ""n_estimators"": 600}",2.82103257650868,3.2142512661032474,2.82185517075465,2.426991292668144
RandomForest,discharging,case1_baseline,"{""max_depth"": null, ""max_features"": 1.0, ""min_samples_leaf"": 5, ""n_estimators"": 600}",2.836860682511798,3.061878844727145,2.777624420132558,2.6710787826756914
RandomForest,discharging,case1_baseline,"{""max_depth"": 6, ""max_features"": ""sqrt"", ""min_samples_leaf"": 1, ""n_estimators"": 600}",2.750685442426471,2.9506697814725236,2.818845057029264,2.4825414887776236
RandomForest,discharging,case1_baseline,"{""max_depth"": 6, ""max_features"": 1.0, ""min_samples_leaf"": 1, ""n_estimators"": 600}",2.8155843606130517,2.986313861331153,2.7317198030693683,2.7287194174386333
RandomForest,discharging,case1_baseline,"{""max_depth"": 6, ""max_features"": ""sqrt"", ""min_samples_leaf"": 2, ""n_estimators"": 600}",2.7755730843524717,3.0174660369860073,2.8373041532777057,2.471949062793704
RandomForest,discharging,case1_baseline,"{""max_depth"": 6, ""max_features"": 1.0, ""min_samples_leaf"": 2, ""n_estimators"": 600}",2.8246388477882043,3.0055846070845926,2.739726204483502,2.7286057317965184
RandomForest,discharging,case1_baseline,"{""max_depth"": 6, ""max_features"": ""sqrt"", ""min_samples_leaf"": 5, ""n_estimators"": 600}",2.835710719994814,3.2555558454393156,2.829015747014093,2.4225605675310335
RandomForest,discharging,case1_baseline,"{""max_depth"": 6, ""max_features"": 1.0, ""min_samples_leaf"": 5, ""n_estimators"": 600}",2.842821715917522,3.0586348459219206,2.7984243358296856,2.6714059660009597
RandomForest,discharging,case1_baseline,"{""max_depth"": 12, ""max_features"": ""sqrt"", ""min_samples_leaf"": 1, ""n_estimators"": 600}",2.7237803123849686,2.97399047136549,2.71922043257797,2.4781300332114453
RandomForest,discharging,case1_baseline,"{""max_depth"": 12, ""max_features"": 1.0, ""min_samples_leaf"": 1, ""n_estimators"": 600}",2.794450467860768,2.9877590567001713,2.6499599008079757,2.745632446074155
RandomForest,discharging,case1_baseline,"{""max_depth"": 12, ""max_features"": ""sqrt"", ""min_samples_leaf"": 2, ""n_estimators"": 600}",2.7332977607719573,2.981733653665573,2.753294688249566,2.464864940400732
RandomForest,discharging,case1_baseline,"{""max_depth"": 12, ""max_features"": 1.0, ""min_samples_leaf"": 2, ""n_estimators"": 600}",2.815694459716506,3.0210375388628274,2.685536026705548,2.7405098135811436
RandomForest,discharging,case1_baseline,"{""max_depth"": 12, ""max_features"": ""sqrt"", ""min_samples_leaf"": 5, ""n_estimators"": 600}",2.821032576508681,3.2142512661032474,2.821855170754651,2.4269912926681436
RandomForest,discharging,case1_baseline,"{""max_depth"": 12, ""max_features"": 1.0, ""min_samples_leaf"": 5, ""n_estimators"": 600}",2.8368606825117966,3.0618788447271426,2.7776244201325597,2.6710787826756865
RandomForest,discharging,case2_solar,"{""max_depth"": null, ""max_features"": ""sqrt"", ""min_samples_leaf"": 1, ""n_estimators"": 300}",2.8142970346764464,3.2010111725985055,2.7361961305123748,2.505683800918459
RandomForest,discharging,case2_solar,"{""max_depth"": null, ""max_features"": 1.0, ""min_samples_leaf"": 1, ""n_estimators"": 300}",2.833227249091825,3.108978191788926,2.655492916296078,2.73521063919047
RandomForest,discharging,case2_solar,"{""max_depth"": null, ""max_features"": ""sqrt"", ""min_samples_leaf"": 2, ""n_estimators"": 300}",2.8348908736021343,3.283306704414407,2.772377010889712,2.448988905502285
RandomForest,discharging,case2_solar,"{""max_depth"": null, ""max_features"": 1.0, ""min_samples_leaf"": 2, ""n_estimators"": 300}",2.8498189272319743,3.1266168548425335,2.6863505869763893,2.7364893398769996
RandomForest,discharging,case2_solar,"{""max_depth"": null, ""max_features"": ""sqrt"", ""min_samples_leaf"": 5, ""n_estimators"": 300}",2.9363213394144494,3.507995149411983,2.8220515871447853,2.4789172816865794
RandomForest,discharging,case2_solar,"{""max_depth"": null, ""max_features"": 1.0, ""min_samples_leaf"": 5, ""n_estimators"": 300}",2.868945708405228,3.1552998641158956,2.7931093101555127,2.658427950944276
RandomForest,discharging,case2_solar,"{""max_depth"": 6, ""max_features"": ""sqrt"", ""min_samples_leaf"": 1, ""n_estimators"": 300}",2.8552762706044175,3.2544588818554305,2.805723390108726,2.505646539849096
RandomForest,discharging,case2_solar,"{""max_depth"": 6, ""max_features"": 1.0, ""min_samples_leaf"": 1, ""n_estimators"": 300}",2.856084202078126,3.097494700987621,2.7427702458535452,2.727987659393211
RandomForest,discharging,case2_solar,"{""max_depth"": 6, ""max_features"": ""sqrt"", ""min_samples_leaf"": 2, ""n_estimators"": 300}",2.854500120832192,3.2456235286552353,2.8221433432196106,2.49573349062173
RandomForest,discharging,case2_solar,"{""max_depth"": 6, ""max_features"": 1.0, ""min_samples_leaf"": 2, ""n_estimators"": 300}",2.8596565253771775,3.109001710619324,2.752026864726719,2.7179410007854896
RandomForest,discharging,case2_solar,"{""max_depth"": 6, ""max_features"": ""sqrt"", ""min_samples_leaf"": 5, ""n_estimators"": 300}",2.9405292082209638,3.5093439507707074,2.8470597283173595,2.465183945574824
RandomForest,discharging,case2_solar,"{""max_depth"": 6, ""max_features"": 1.0, ""min_samples_leaf"": 5, ""n_estimators"": 300}",2.876531402928485,3.158652123811342,2.8125141340298363,2.6584279509442776
RandomForest,discharging,case2_solar,"{""max_depth"": 12, ""max_features"": ""sqrt"", ""min_samples_leaf"": 1, ""n_estimators"": 300}",2.8148428493693936,3.202979740304696,2.736210358768514,2.5053384490349715
RandomForest,discharging,case2_solar,"{""max_depth"": 12, ""max_features"": 1.0, ""min_samples_leaf"": 1, ""n_estimators"": 300}",2.8311623994761845,3.1118129491702273,2.6464636100678565,2.73521063919047
RandomForest,discharging,case2_solar,"{""max_depth"": 12, ""max_features"": ""sqrt"", ""min_samples_leaf"": 2, ""n_estimators"": 300}",2.8340688335258335,3.281269637616884,2.771947957458328,2.448988905502288
RandomForest,discharging,case2_solar,"{""max_depth"": 12, ""max_features"": 1.0, ""min_samples_leaf"": 2, ""n_estimators"": 300}",2.8502024467332485,3.1266168548425357,2.6875011454802125,2.736489339876997
RandomForest,discharging,case2_solar,"{""max_depth"": 12, ""max_features"": ""sqrt"", ""min_samples_leaf"": 5, ""n_estimators"": 300}",2.9363213394144494,3.5079951494119843,2.8220515871447853,2.478917281686578
RandomForest,discharging,case2_solar,"{""max_depth"": 12, ""max_features"": 1.0, ""min_samples_leaf"": 5, ""n_estimators"": 300}",2.8689457084052292,3.1552998641159067,2.7931093101555096,2.6584279509442714
RandomForest,discharging,case2_solar,"{""max_depth"": null, ""max_features"": ""sqrt"", ""min_samples_leaf"": 1, ""n_estimators"": 600}",2.822499253372392,3.194568977323947,2.753290002292879,2.5196387805003497
RandomForest,discharging,case2_solar,"{""max_depth"": null, ""max_features"": 1.0, ""min_samples_leaf"": 1, ""n_estimators"": 600}",2.838849831779591,3.130932771390951,2.638623164693768,2.746993559254054
RandomForest,discharging,case2_solar,"{""max_depth"": null, ""max_features"": ""sqrt"", ""min_samples_leaf"": 2, ""n_estimators"": 600}",2.844051793369301,3.286859544856526,2.7749162157317855,2.470379619519591
RandomForest,discharging,case2_solar,"{""max_depth"": null, ""max_features"": 1.0, ""min_samples_leaf"": 2, ""n_estimators"": 600}",2.853752045931732,3.1483203034102334,2.6765283036924594,2.736407530692503
RandomForest,discharging,case2_solar,"{""max_depth"": null, ""max_features"": ""sqrt"", ""min_samples_leaf"": 5, ""n_estimators"": 600}",2.9278149701570584,3.48525260827832,2.8237621977294025,2.474430104463454
RandomForest,discharging,case2_solar,"{""max_depth"": null, ""max_features"": 1.0, ""min_samples_leaf"": 5, ""n_estimators"": 600}",2.873566534409134,3.1759199297708918,2.773824270588812,2.670955402867698
RandomForest,discharging,case2_solar,"{""max_depth"": 6, ""max_features"": ""sqrt"", ""min_samples_leaf"": 1, ""n_estimators"": 600}",2.8652138753971066,3.2533570644186893,2.8340470802685687,2.508237481504062
RandomForest,discharging,case2_solar,"{""max_depth"": 6, ""max_features"": 1.0, ""min_samples_leaf"": 1, ""n_estimators"": 600}",2.8572871863603484,3.108150200922812,2.7340283426529064,2.7296830155053264
RandomForest,discharging,case2_solar,"{""max_depth"": 6, ""max_features"": ""sqrt"", ""min_samples_leaf"": 2, ""n_estimators"": 600}",2.8441886216870897,3.2200823170886412,2.8199709124884724,2.492512635484155
RandomForest,discharging,case2_solar,"{""max_depth"": 6, ""max_features"": 1.0, ""min_samples_leaf"": 2, ""n_estimators"": 600}",2.855891925742819,3.0995221408451696,2.740256252248889,2.727897384134399
RandomForest,discharging,case2_solar,"{""max_depth"": 6, ""max_features"": ""sqrt"", ""min_samples_leaf"": 5, ""n_estimators"": 600}",2.9414992883053817,3.502626931792471,2.847875901730469,2.473995031393205
RandomForest,discharging,case2_solar,"{""max_depth"": 6, ""max_features"": 1.0, ""min_samples_leaf"": 5, ""n_estimators"": 600}",2.878128181185484,3.168878538153849,2.7945506025349003,2.6709554028677025
RandomForest,discharging,case2_solar,"{""max_depth"": 12, ""max_features"": ""sqrt"", ""min_samples_leaf"": 1, ""n_estimators"": 600}",2.828019760586207,3.212070623240635,2.7531321321313142,2.518856526386673
RandomForest,discharging,case2_solar,"{""max_depth"": 12, ""max_features"": 1.0, ""min_samples_leaf"": 1, ""n_estimators"": 600}",2.835968434558677,3.123147463254878,2.637764281167101,2.746993559254053
RandomForest,discharging,case2_solar,"{""max_depth"": 12, ""max_features"": ""sqrt"", ""min_samples_leaf"": 2, ""n_estimators"": 600}",2.84309319003822,3.2861530186854977,2.772746931909568,2.470379619519594
RandomForest,discharging,case2_solar,"{""max_depth"": 12, ""max_features"": 1.0, ""min_samples_leaf"": 2, ""n_estimators"": 600}",2.853740594385981,3.148320303410231,2.6764939490552075,2.736407530692504
RandomForest,discharging,case2_solar,"{""max_depth"": 12, ""max_features"": ""sqrt"", ""min_samples_leaf"": 5, ""n_estimators"": 600}",2.9278149701570597,3.4852526082783193,2.823762197729406,2.4744301044634525
RandomForest,discharging,case2_solar,"{""max_depth"": 12, ""max_features"": 1.0, ""min_samples_leaf"": 5, ""n_estimators"": 600}",2.8735665344091377,3.175919929770894,2.7738242705888148,2.6709554028677047
RandomForest,discharging,case3_lags,"{""max_depth"": null, ""max_features"": ""sqrt"", ""min_samples_leaf"": 1, ""n_estimators"": 300}",2.106242238974454,2.557244671309975,2.226916968188563,1.5345650774248236
RandomForest,discharging,case3_lags,"{""max_depth"": null, ""max_features"": 1.0, ""min_samples_leaf"": 1, ""n_estimators"": 300}",1.9088956393315624,2.5761525723219325,2.0427459802797965,1.1077883653929583
RandomForest,discharging,case3_lags,"{""max_depth"": null, ""max_features"": ""sqrt"", ""min_samples_leaf"": 2, ""n_estimators"": 300}",2.1671003558835498,2.6328170293970654,2.293053040061823,1.5754309981917607
RandomForest,discharging,case3_lags,"{""max_depth"": null, ""max_features"": 1.0, ""min_samples_leaf"": 2, ""n_estimators"": 300}",1.9437552380597836,2.6265793563145263,2.101288560694327,1.1033977971704982
RandomForest,discharging,case3_lags,"{""max_depth"": null, ""max_features"": ""sqrt"", ""min_samples_leaf"": 5, ""n_estimators"": 300}",2.2546628582840387,2.7872897267288637,2.3930832069233805,1.5836156411998716
RandomForest,discharging,case3_lags,"{""max_depth"": null, ""max_features"": 1.0, ""min_samples_leaf"": 5, ""n_estimators"": 300}",1.9938194910403155,2.6429480928489477,2.1905985709443407,1.147911809327658
RandomForest,discharging,case3_lags,"{""max_depth"": 6, ""max_features"": ""sqrt"", ""min_samples_leaf"": 1, ""n_estimators"": 300}",2.146667902961453,2.5805480054549617,2.315758994425748,1.543696709003649
RandomForest,discharging,case3_lags,"{""max_depth"": 6, ""max_features"": 1.0, ""min_samples_leaf"": 1, ""n_estimators"": 300}",1.9331642007355587,2.613886290719785,2.067595625466323,1.1180106860205679
RandomForest,discharging,case3_lags,"{""max_depth"": 6, ""max_features"": ""sqrt"", ""min_samples_leaf"": 2, ""n_estimators"": 300}",2.181143497423718,2.663212414655261,2.341361124677839,1.538856952938054
RandomForest,discharging,case3_lags,"{""max_depth"": 6, ""max_features"": 1.0, ""min_samples_leaf"": 2, ""n_estimators"": 300}",1.9369314012509182,2.5864138711963176,2.1065325725056514,1.1178477600507861
RandomForest,discharging,case3_lags,"{""max_depth"": 6, ""max_features"": ""sqrt"", ""min_samples_leaf"": 5, ""n_estimators"": 300}",2.2729958770751213,2.8268154541234285,2.417078683680955,1.57509349342098
RandomForest,discharging,case3_lags,"{""max_depth"": 6, ""max_features"": 1.0, ""min_samples_leaf"": 5, ""n_estimators"": 300}",1.992585119507246,2.6431474828831387,2.1868590253718745,1.1477488502667248
RandomForest,discharging,case3_lags,"{""max_depth"": 12, ""max_features"": ""sqrt"", ""min_samples_leaf"": 1, ""n_estimators"": 300}",2.1127578738983277,2.5748160260666433,2.2296506616734333,1.5338069339549072
RandomForest,discharging,case3_lags,"{""max_depth"": 12, ""max_features"": 1.0, ""min_samples_leaf"": 1, ""n_estimators"": 300}",1.9087561644034212,2.576152572321934,2.0423275554953673,1.1077883653929625
RandomForest,discharging,case3_lags,"{""max_depth"": 12, ""max_features"": ""sqrt"", ""min_samples_leaf"": 2, ""n_estimators"": 300}",2.167086509440474,2.632813522029729,2.2930150080999363,1.5754309981917565
RandomForest,discharging,case3_lags,"{""max_depth"": 12, ""max_features"": 1.0, ""min_samples_leaf"": 2, ""n_estimators"": 300}",1.9437552380597847,2.626579356314527,2.1012885606943286,1.1033977971704978
RandomForest,discharging,case3_lags,"{""max_depth"": 12, ""max_features"": ""sqrt"", ""min_samples_leaf"": 5, ""n_estimators"": 300}",2.25466285828404,2.78728972672886,2.393083206923386,1.5836156411998743
RandomForest,discharging,case3_lags,"{""max_depth"": 12, ""max_features"": 1.0, ""min_samples_leaf"": 5, ""n_estimators"": 300}",1.9938194910403173,2.642948092848949,2.1905985709443474,1.1479118093276557
RandomForest,discharging,case3_lags,"{""max_depth"": null, ""max_features"": ""sqrt"", ""min_samples_leaf"": 1, ""n_estimators"": 600}",2.0909237435783847,2.5274541396126864,2.2198621853451304,1.5254549057773377
RandomForest,discharging,case3_lags,"{""max_depth"": null, ""max_features"": 1.0, ""min_samples_leaf"": 1, ""n_estimators"": 600}",1.9181871942828856,2.588820511792211,2.041259619962572,1.124481451093874
RandomForest,discharging,case3_lags,"{""max_depth"": null, ""max_features"": ""sqrt"", ""min_samples_leaf"": 2, ""n_estimators"": 600}",2.1666897478040674,2.63164975440339,2.2794253476723094,1.5889941413365034
RandomForest,discharging,case3_lags,"{""max_depth"": null, ""max_features"": 1.0, ""min_samples_leaf"": 2, ""n_estimators"": 600}",1.939398308982269,2.6042682602872467,2.0938640072107124,1.1200626594488485
RandomForest,discharging,case3_lags,"{""max_depth"": null, ""max_features"": ""sqrt"", ""min_samples_leaf"": 5, ""n_estimators"": 600}",2.2502982837937036,2.775547887333861,2.396156324986095,1.5791906390611543
RandomForest,discharging,case3_lags,"{""max_depth"": null, ""max_features"": 1.0, ""min_samples_leaf"": 5, ""n_estimators"": 600}",2.0012907674701643,2.6581402621531156,2.189521413044637,1.1562106272127408
RandomForest,discharging,case3_lags,"{""max_depth"": 6, ""max_features"": ""sqrt"", ""min_samples_leaf"": 1, ""n_estimators"": 600}",2.133130520064735,2.558266610345842,2.320649899599328,1.5204750502490343
RandomForest,discharging,case3_lags,"{""max_depth"": 6, ""max_features"": 1.0, ""min_samples_leaf"": 1, ""n_estimators"": 600}",1.933114644172336,2.593915304931508,2.070399693535098,1.1350289340504014
RandomForest,discharging,case3_lags,"{""max_depth"": 6, ""max_features"": ""sqrt"", ""min_samples_leaf"": 2, ""n_estimators"": 600}",2.182263574304652,2.6568583534640533,2.3463202554179547,1.5436121140319474
RandomForest,discharging,case3_lags,"{""max_depth"": 6, ""max_features"": 1.0, ""min_samples_leaf"": 2, ""n_estimators"": 600}",1.95050349335531,2.6174266530746073,2.0983754889604533,1.135708338030869
RandomForest,discharging,case3_lags,"{""max_depth"": 6, ""max_features"": ""sqrt"", ""min_samples_leaf"": 5, ""n_estimators"": 600}",2.2514561447904744,2.763465298930826,2.412712402608296,1.578190732832302
RandomForest,discharging,case3_lags,"{""max_depth"": 6, ""max_features"": 1.0, ""min_samples_leaf"": 5, ""n_estimators"": 600}",2.002215319646266,2.6652746013688806,2.18526413624612,1.1561072213237966
RandomForest,discharging,case3_lags,"{""max_depth"": 12, ""max_features"": ""sqrt"", ""min_samples_leaf"": 1, ""n_estimators"": 600}",2.0976002030378194,2.5449653355590014,2.2226995246252033,1.5251357489292532
RandomForest,discharging,case3_lags,"{""max_depth"": 12, ""max_features"": 1.0, ""min_samples_leaf"": 1, ""n_estimators"": 600}",1.9180641843636927,2.5888205117922087,2.0408905902049934,1.1244814510938765
RandomForest,discharging,case3_lags,"{""max_depth"": 12, ""max_features"": ""sqrt"", ""min_samples_leaf"": 2, ""n_estimators"": 600}",2.1667367409972065,2.6316480806065496,2.279568001048568,1.5889941413365023
RandomForest,discharging,case3_lags,"{""max_depth"": 12, ""max_features"": 1.0, ""min_samples_leaf"": 2, ""n_estimators"": 600}",1.9393983089822686,2.6042682602872476,2.093864007210709,1.1200626594488488
RandomForest,discharging,case3_lags,"{""max_depth"": 12, ""max_features"": ""sqrt"", ""min_samples_leaf"": 5, ""n_estimators"": 600}",2.250298283793703,2.7755478873338615,2.396156324986098,1.5791906390611503
RandomForest,discharging,case3_lags,"{""max_depth"": 12, ""max_features"": 1.0, ""min_samples_leaf"": 5, ""n_estimators"": 600}",2.001290767470166,2.6581402621531205,2.1895214130446385,1.156210627212739
RandomForest,discharging,case4_solar_and_lags,"{""max_depth"": null, ""max_features"": ""sqrt"", ""min_samples_leaf"": 1, ""n_estimators"": 300}",2.215069585107453,2.749163382964568,2.25981975926391,1.63622561309388
RandomForest,discharging,case4_solar_and_lags,"{""max_depth"": null, ""max_features"": 1.0, ""min_samples_leaf"": 1, ""n_estimators"": 300}",1.9606743128073323,2.7136450116628623,2.0382531574469236,1.1301247693122103
RandomForest,discharging,case4_solar_and_lags,"{""max_depth"": null, ""max_features"": ""sqrt"", ""min_samples_leaf"": 2, ""n_estimators"": 300}",2.2937117169056678,2.8106836046364996,2.3321544870675552,1.738297059012948
RandomForest,discharging,case4_solar_and_lags,"{""max_depth"": null, ""max_features"": 1.0, ""min_samples_leaf"": 2, ""n_estimators"": 300}",1.9822011387658829,2.734017521060011,2.0809682947057575,1.1316176005318805
RandomForest,discharging,case4_solar_and_lags,"{""max_depth"": null, ""max_features"": ""sqrt"", ""min_samples_leaf"": 5, ""n_estimators"": 300}",2.3852428909460066,3.0309439437077956,2.432132110617434,1.6926526185127904
RandomForest,discharging,case4_solar_and_lags,"{""max_depth"": null, ""max_features"": 1.0, ""min_samples_leaf"": 5, ""n_estimators"": 300}",2.0263798305681733,2.699037312354706,2.2045149525099146,1.1755872268398988
RandomForest,discharging,case4_solar_and_lags,"{""max_depth"": 6, ""max_features"": ""sqrt"", ""min_samples_leaf"": 1, ""n_estimators"": 300}",2.265661477366438,2.8082801875366394,2.3474497353291426,1.6412545092335322
RandomForest,discharging,case4_solar_and_lags,"{""max_depth"": 6, ""max_features"": 1.0, ""min_samples_leaf"": 1, ""n_estimators"": 300}",1.96084255403209,2.6945236509815325,2.0494360169426042,1.138567994172133
RandomForest,discharging,case4_solar_and_lags,"{""max_depth"": 6, ""max_features"": ""sqrt"", ""min_samples_leaf"": 2, ""n_estimators"": 300}",2.318663717619294,2.8808823485611113,2.369581063491466,1.705527740805306
RandomForest,discharging,case4_solar_and_lags,"{""max_depth"": 6, ""max_features"": 1.0, ""min_samples_leaf"": 2, ""n_estimators"": 300}",2.0085436129117684,2.785445191371239,2.0841814335624385,1.1560042138016273
RandomForest,discharging,case4_solar_and_lags,"{""max_depth"": 6, ""max_features"": ""sqrt"", ""min_samples_leaf"": 5, ""n_estimators"": 300}",2.3983135630582466,3.0579607768119224,2.4381238644232086,1.6988560479396084
RandomForest,discharging,case4_solar_and_lags,"{""max_depth"": 6, ""max_features"": 1.0, ""min_samples_leaf"": 5, ""n_estimators"": 300}",2.0247736653535795,2.701004811053043,2.197942677606867,1.1753735074008282
RandomForest,discharging,case4_solar_and_lags,"{""max_depth"": 12, ""max_features"": ""sqrt"", ""min_samples_leaf"": 1, ""n_estimators"": 300}",2.208682912706809,2.7345093487475367,2.2570042001762123,1.634535189196677
RandomForest,discharging,case4_solar_and_lags,"{""max_depth"": 12, ""max_features"": 1.0, ""min_samples_leaf"": 1, ""n_estimators"": 300}",1.9606743128073303,2.7136450116628605,2.038253157446921,1.1301247693122096
RandomForest,discharging,case4_solar_and_lags,"{""max_depth"": 12, ""max_features"": ""sqrt"", ""min_samples_leaf"": 2, ""n_estimators"": 300}",2.2938747316230312,2.8106836046365005,2.332643531219648,1.738297059012945
RandomForest,discharging,case4_solar_and_lags,"{""max_depth"": 12, ""max_features"": 1.0, ""min_samples_leaf"": 2, ""n_estimators"": 300}",1.982201138765881,2.734017521060009,2.0809682947057535,1.131617600531881
RandomForest,discharging,case4_solar_and_lags,"{""max_depth"": 12, ""max_features"": ""sqrt"", ""min_samples_leaf"": 5, ""n_estimators"": 300}",2.3852428909460097,3.0309439437078,2.4321321106174367,1.692652618512792
RandomForest,discharging,case4_solar_and_lags,"{""max_depth"": 12, ""max_features"": 1.0, ""min_samples_leaf"": 5, ""n_estimators"": 300}",2.026379830568171,2.6990373123547053,2.20451495250991,1.175587226839898
RandomForest,discharging,case4_solar_and_lags,"{""max_depth"": null, ""max_features"": ""sqrt"", ""min_samples_leaf"": 1, ""n_estimators"": 600}",2.215287882715338,2.783851525626725,2.255459175335028,1.6065529471842612
RandomForest,discharging,case4_solar_and_lags,"{""max_depth"": null, ""max_features"": 1.0, ""min_samples_leaf"": 1, ""n_estimators"": 600}",1.9611928729571488,2.701634286455221,2.0397453744886818,1.1421989579275442
RandomForest,discharging,case4_solar_and_lags,"{""max_depth"": null, ""max_features"": ""sqrt"", ""min_samples_leaf"": 2, ""n_estimators"": 600}",2.268785335110131,2.8109378364634368,2.3167306176414653,1.6786875512254908
RandomForest,discharging,case4_solar_and_lags,"{""max_depth"": null, ""max_features"": 1.0, ""min_samples_leaf"": 2, ""n_estimators"": 600}",1.9858774705833273,2.749789019394981,2.078217396750744,1.1296259956042574
RandomForest,discharging,case4_solar_and_lags,"{""max_depth"": null, ""max_features"": ""sqrt"", ""min_samples_leaf"": 5, ""n_estimators"": 600}",2.3586381587581724,3.002834063957118,2.4231741335500385,1.6499062787673597
RandomForest,discharging,case4_solar_and_lags,"{""max_depth"": null, ""max_features"": 1.0, ""min_samples_leaf"": 5, ""n_estimators"": 600}",2.0252124191532093,2.7158217775701474,2.1946760928589293,1.165139387030551
RandomForest,discharging,case4_solar_and_lags,"{""max_depth"": 6, ""max_features"": ""sqrt"", ""min_samples_leaf"": 1, ""n_estimators"": 600}",2.2663925705313357,2.8431304224869707,2.362932947734257,1.593114341372779
RandomForest,discharging,case4_solar_and_lags,"{""max_depth"": 6, ""max_features"": 1.0, ""min_samples_leaf"": 1, ""n_estimators"": 600}",1.9737995362682863,2.717708650781704,2.05793683774007,1.1457531202830853
RandomForest,discharging,case4_solar_and_lags,"{""max_depth"": 6, ""max_features"": ""sqrt"", ""min_samples_leaf"": 2, ""n_estimators"": 600}",2.297507404590449,2.8391847966637997,2.384413232647863,1.6689241844596834
RandomForest,discharging,case4_solar_and_lags,"{""max_depth"": 6, ""max_features"": 1.0, ""min_samples_leaf"": 2, ""n_estimators"": 600}",2.0147344338144424,2.79864082625887,2.0887796500754123,1.156782825109044
RandomForest,discharging,case4_solar_and_lags,"{""max_depth"": 6, ""max_features"": ""sqrt"", ""min_samples_leaf"": 5, ""n_estimators"": 600}",2.3659921099536505,3.000859081805523,2.438558128764979,1.658559119290449
RandomForest,discharging,case4_solar_and_lags,"{""max_depth"": 6, ""max_features"": 1.0, ""min_samples_leaf"": 5, ""n_estimators"": 600}",2.0251187509467066,2.717008551222265,2.193318023823703,1.1650296777941518
RandomForest,discharging,case4_solar_and_lags,"{""max_depth"": 12, ""max_features"": ""sqrt"", ""min_samples_leaf"": 1, ""n_estimators"": 600}",2.214352242701486,2.783348867602425,2.2545095825394545,1.6051982779625782
RandomForest,discharging,case4_solar_and_lags,"{""max_depth"": 12, ""max_features"": 1.0, ""min_samples_leaf"": 1, ""n_estimators"": 600}",1.961209383958307,2.7016342864552216,2.039794907492155,1.1421989579275438
RandomForest,discharging,case4_solar_and_lags,"{""max_depth"": 12, ""max_features"": ""sqrt"", ""min_samples_leaf"": 2, ""n_estimators"": 600}",2.2688172747142965,2.810937836463433,2.316826436453965,1.6786875512254915
RandomForest,discharging,case4_solar_and_lags,"{""max_depth"": 12, ""max_features"": 1.0, ""min_samples_leaf"": 2, ""n_estimators"": 600}",1.9858774705833253,2.749789019394978,2.0782173967507434,1.1296259956042551
RandomForest,discharging,case4_solar_and_lags,"{""max_depth"": 12, ""max_features"": ""sqrt"", ""min_samples_leaf"": 5, ""n_estimators"": 600}",2.358638158758168,3.0028340639571174,2.4231741335500283,1.6499062787673584
RandomForest,discharging,case4_solar_and_lags,"{""max_depth"": 12, ""max_features"": 1.0, ""min_samples_leaf"": 5, ""n_estimators"": 600}",2.0252124191532093,2.715821777570148,2.194676092858928,1.1651393870305522
